model_name, accuracy, precision, recall, f1
qwen2.5-72b, 0.90754979718778, 0.9002509478253229, 0.9876967286330997, 0.9361777008999019
qwen2.5-72b+example, 0.9528260323288518, 0.9387993933834489, 0.9881946524696796, 0.9619956602567055
qwen2.5-72b+cot, 0.9094187088528543, 0.9407443846740227, 0.9331446316563533, 0.9298197333295783
qwen2.5-72b+example+cot, 0.9503333615592755, 0.9391621418590668, 0.9844490619463114, 0.9601818360495561
