model_name, accuracy, precision, recall, f1, matched
qwen2.5-14b, 0.9293831408346142, 0.9334173925612542, 0.9682971097430105, 0.9466493510436184, 0.43
qwen2.5-32b, 0.9395271804073062, 0.937673280451895, 0.9700009469474419, 0.9513469300316347, 0.77
qwen2.5-72b+cot, 0.900196715681831, 0.932044708190121, 0.9221858139629959, 0.9213515347920247, 0.44
qwen2.5-72b+example+cot, 0.942087315414972, 0.928222635739435, 0.9827615156292968, 0.9534786590255335, 0.8
qwen2.5-72b+example, 0.93937371546869, 0.9232491222320676, 0.9841502822451119, 0.9513581529828139, 0.87
qwen2.5-72b, 0.8907341420911745, 0.8795319917003912, 0.9867189712535738, 0.9237132876420231, 0.72
